,date,price,bedrooms,bathrooms,sqft_living,sqft_lot,floors,waterfront,view,condition,grade,sqft_above,sqft_basement,yr_built,zipcode,lat,long,sqft_living15,sqft_lot15,food,place_of_worship,post_box,car_services,parking,entertainment,finance,education,animals,negative_amenities,storage,self_care,shopping,transportation,emergency,healthcare,child_services,age
0,2014,221900.0,3,1.0,1180,5650,1.0,0,0,3,7,1180,0,1955,98178,47.5112,-122.257,1340,5650,9,2,1,0,5,0,0,0,0,1,0,0,0,0,0,0,0,59
117,2014,205425.0,2,1.0,880,6780,1.0,0,0,4,6,880,0,1945,98178,47.5009,-122.248,1190,6780,1,0,0,1,1,1,0,0,0,0,0,0,0,0,0,0,0,69
126,2014,445000.0,3,2.25,2100,8201,1.0,0,2,3,8,1620,480,1967,98178,47.5091,-122.244,2660,8712,1,0,0,0,2,0,0,0,0,0,0,0,0,0,0,0,0,47
273,2014,236000.0,3,1.0,1300,5898,1.0,0,0,3,7,1300,0,1961,98178,47.5053,-122.255,1320,7619,2,0,0,1,2,0,0,0,0,0,0,0,0,0,0,0,0,53
281,2015,170000.0,2,1.0,860,5265,1.0,0,0,3,6,860,0,1931,98178,47.5048,-122.272,1650,8775,0,0,0,0,1,0,0,0,0,0,0,0,0,0,0,0,0,84
339,2015,245000.0,3,1.75,1740,11547,1.0,0,0,3,7,1740,0,1954,98178,47.4945,-122.22,880,78408,3,1,0,0,0,0,0,1,0,0,0,0,0,0,0,2,0,61
345,2014,165000.0,4,1.0,1000,7134,1.0,0,0,3,6,1000,0,1943,98178,47.4897,-122.24,1020,7138,2,0,0,1,0,1,0,0,0,0,0,0,0,0,0,0,0,71
346,2014,239900.0,4,1.0,1000,7134,1.0,0,0,3,6,1000,0,1943,98178,47.4897,-122.24,1020,7138,2,0,0,1,0,1,0,0,0,0,0,0,0,0,0,0,0,71
414,2015,339000.0,4,1.5,2390,7480,1.5,0,2,3,7,2390,0,1920,98178,47.504,-122.227,2850,6867,2,1,0,0,0,0,0,1,0,0,0,0,0,0,0,1,0,95
470,2014,290900.0,2,2.0,1610,17600,2.0,0,0,3,6,1610,0,1930,98178,47.4855,-122.266,1310,12950,4,0,0,0,1,0,0,0,0,0,0,0,0,0,0,0,0,31
521,2014,190000.0,2,1.0,630,6000,1.0,0,0,3,6,630,0,1943,98178,47.4973,-122.221,1470,6840,3,1,0,0,0,0,0,1,0,0,0,0,0,0,0,1,0,9
566,2014,260000.0,3,1.0,1180,5350,1.5,0,0,4,6,1180,0,1959,98178,47.505,-122.259,1490,5350,0,0,0,0,1,0,0,0,0,0,0,0,0,0,0,0,0,55
594,2015,360000.0,4,2.5,1840,9611,2.0,0,0,3,7,1840,0,1996,98178,47.4964,-122.251,1830,8505,1,0,0,1,0,1,0,0,0,0,0,0,0,0,0,0,0,19
625,2014,289500.0,3,1.0,960,6400,1.0,0,0,4,6,820,140,1944,98178,47.496,-122.239,1200,6600,2,0,0,0,0,1,0,0,0,0,0,0,0,0,0,0,0,70
677,2015,188000.0,2,1.5,1120,17487,1.0,0,0,3,6,1120,0,1924,98178,47.5024,-122.271,1690,8056,0,0,0,0,0,0,0,0,0,0,0,0,0,0,0,0,0,91
724,2014,350000.0,5,3.0,2520,5500,1.0,0,0,3,8,1550,970,2004,98178,47.4938,-122.255,1700,8000,1,0,0,1,0,0,0,0,0,0,0,0,0,0,0,0,0,10
1015,2014,164808.0,3,1.0,1250,5411,1.0,0,0,3,7,1250,0,1980,98178,47.5064,-122.265,1490,6320,0,0,0,0,1,0,0,0,0,0,0,0,0,0,0,0,0,34
1076,2015,310000.0,4,3.0,2010,7426,1.0,0,0,5,7,1090,920,1951,98178,47.5042,-122.265,1470,7426,0,0,0,0,1,0,0,0,0,0,0,0,0,0,0,0,0,64
1081,2014,825000.0,2,1.0,1150,12775,1.0,1,4,4,6,1150,0,1908,98178,47.502,-122.222,2440,11852,2,1,0,0,0,0,0,1,0,0,0,0,0,0,0,1,0,106
1132,2014,269000.0,3,1.0,1690,4250,1.0,0,0,3,7,1020,670,1967,98178,47.4945,-122.258,1820,8865,0,0,0,0,0,0,0,0,0,0,0,0,0,0,0,0,0,47
1145,2014,252500.0,3,2.0,1150,6000,1.0,0,0,5,7,1150,0,1956,98178,47.498,-122.263,1980,6360,0,0,0,0,0,0,0,0,0,0,0,0,0,0,0,0,0,58
1157,2014,790000.0,4,1.75,2460,10061,1.0,1,4,3,7,1410,1050,1961,98178,47.5105,-122.238,2300,10061,0,0,0,0,0,0,0,0,0,0,0,0,0,0,0,0,0,53
1370,2014,260000.0,2,1.0,1120,5650,1.0,0,0,3,6,1120,0,1944,98178,47.4979,-122.241,1270,6875,2,0,0,1,0,1,0,0,0,0,0,0,0,0,0,0,0,70
1412,2015,245000.0,4,1.5,1280,8000,1.0,0,0,3,6,1280,0,1960,98178,47.4949,-122.255,1420,8211,1,0,0,1,0,0,0,0,0,0,0,0,0,0,0,0,0,55
1420,2015,1700000.0,4,3.75,3190,17186,2.0,1,4,3,10,3190,0,1999,98178,47.5115,-122.246,2290,13496,2,0,0,0,2,0,0,0,0,0,0,0,0,0,0,0,0,16
1503,2015,612000.0,6,3.0,3840,14040,1.5,0,3,3,8,2460,1380,1949,98178,47.506,-122.241,2170,6765,1,0,0,1,2,0,0,0,0,0,0,0,0,0,0,0,0,66
1608,2014,285000.0,3,2.0,2110,6900,1.5,0,0,5,6,1220,890,1955,98178,47.504,-122.26,1350,7683,0,0,0,0,1,0,0,0,0,0,0,0,0,0,0,0,0,59
1769,2014,299000.0,4,2.5,1950,3000,2.0,0,0,3,7,1950,0,2002,98178,47.4977,-122.226,1170,6000,3,1,0,0,0,0,0,1,0,0,0,0,0,0,0,1,0,12
1797,2015,212000.0,4,2.0,1880,7500,1.0,0,0,5,6,980,900,1946,98178,47.495,-122.266,1670,14350,1,0,0,0,0,0,0,0,0,0,0,0,0,0,0,0,0,69
1805,2015,240000.0,4,1.5,1920,7973,1.0,0,0,3,8,1920,0,1955,98178,47.4961,-122.235,2020,8840,1,0,0,0,0,0,0,0,0,0,0,0,0,0,0,0,0,60
1824,2014,255000.0,4,2.0,2430,8960,1.0,0,0,3,7,1430,1000,1960,98178,47.4979,-122.232,2430,8960,1,0,0,0,0,0,0,0,0,0,0,0,0,0,0,0,0,54
1989,2014,335000.0,4,2.5,2330,7050,2.0,0,0,3,8,2330,0,1998,98178,47.5001,-122.231,1810,5424,0,0,0,0,0,0,0,0,0,0,0,0,0,0,0,0,0,16
1996,2014,194000.0,3,1.5,1010,5000,1.0,0,0,3,6,1010,0,1943,98178,47.4925,-122.278,980,5000,6,0,0,0,0,0,0,0,0,0,0,0,0,0,0,0,0,71
2137,2014,251700.0,3,2.25,1810,11800,1.0,0,0,3,7,1240,570,1977,98178,47.4997,-122.231,1810,5641,1,0,0,0,0,0,0,0,0,0,0,0,0,0,0,0,0,37
2183,2014,150000.0,3,1.0,1450,6776,1.0,0,0,3,7,1450,0,1952,98178,47.5056,-122.244,1680,7200,2,0,0,1,2,0,0,0,0,0,0,0,0,0,0,0,0,62
2249,2015,280005.0,3,1.5,1130,7200,1.0,0,0,3,7,1130,0,1954,98178,47.5041,-122.253,1130,7200,2,0,0,1,2,1,0,0,0,0,0,0,0,0,0,0,0,61
2313,2014,243000.0,2,1.0,1770,5522,1.5,0,0,4,7,960,810,1943,98178,47.4974,-122.231,1830,7378,1,0,0,0,0,0,0,0,0,0,0,0,0,0,0,0,0,71
2382,2014,400000.0,6,2.0,2350,6554,2.0,0,1,3,8,2000,350,1905,98178,47.5115,-122.256,1560,6554,9,2,0,0,6,0,0,0,0,1,0,0,0,0,0,0,0,109
2435,2014,355000.0,3,2.25,2550,9674,1.0,0,0,3,7,1850,700,1959,98178,47.4856,-122.247,2240,9674,1,0,0,0,0,0,0,0,0,0,0,0,0,0,0,0,0,55
2484,2014,294000.0,3,1.0,1320,9520,1.0,0,0,3,7,990,330,1953,98178,47.4857,-122.253,1460,10610,0,0,0,0,0,0,0,0,0,0,0,0,0,0,0,0,0,61
2617,2014,210000.0,3,1.0,1200,7500,1.0,0,0,3,6,1200,0,1905,98178,47.4921,-122.275,1010,7000,6,0,0,0,0,0,0,0,0,0,0,0,0,0,0,0,0,25
2697,2015,184500.0,2,1.0,720,5880,1.0,0,0,3,6,720,0,1940,98178,47.5056,-122.27,1440,7200,0,0,0,0,1,0,0,0,0,0,0,0,0,0,0,0,0,75
2769,2014,199000.0,4,2.0,2030,8120,2.0,0,0,3,7,2030,0,1950,98178,47.4994,-122.261,1520,9440,0,0,0,0,0,0,0,0,0,0,0,0,0,0,0,0,0,64
2799,2014,415000.0,5,1.75,3700,9140,1.0,0,0,3,8,1850,1850,1957,98178,47.5086,-122.258,2190,6720,1,0,1,0,1,0,0,0,0,0,0,0,0,0,0,0,0,57
3037,2014,285000.0,4,1.75,2080,13629,1.0,0,0,4,7,1040,1040,1955,98178,47.4866,-122.232,1780,14659,1,0,0,0,0,0,0,0,0,0,0,0,0,0,0,1,0,59
3083,2014,200000.0,4,2.0,2090,6630,1.0,0,0,3,7,1070,1020,1974,98178,47.5077,-122.268,1550,7980,0,0,0,0,1,0,0,0,0,0,0,0,0,0,0,0,0,40
3167,2014,700000.0,2,1.0,1160,17635,1.0,1,4,3,6,1160,0,1945,98178,47.5117,-122.248,1510,13122,2,0,0,0,2,0,0,0,0,0,0,0,0,0,0,0,0,69
3200,2015,178000.0,5,1.5,1990,18200,1.0,0,0,3,7,1990,0,1960,98178,47.4938,-122.262,1860,8658,0,0,0,0,0,0,0,0,0,0,0,0,0,0,0,0,0,55
3397,2014,160000.0,2,1.0,1180,9350,1.0,0,0,3,6,1180,0,1918,98178,47.4889,-122.259,1780,9306,0,0,0,0,0,0,0,0,0,0,0,0,0,0,0,0,0,96
3444,2014,100000.0,2,1.0,790,6426,1.0,0,0,3,6,790,0,1944,98178,47.4933,-122.245,1380,6946,2,0,0,1,0,1,0,0,0,0,0,0,0,0,0,0,0,70
3469,2014,330000.0,3,2.25,1620,7150,1.0,0,2,4,7,1280,340,1950,98178,47.5048,-122.241,1620,6930,2,0,0,1,2,1,0,0,0,0,0,0,0,0,0,0,0,64
3472,2015,355000.0,4,1.5,2020,6000,1.0,0,0,4,7,1010,1010,1953,98178,47.5019,-122.235,1710,6000,0,0,0,0,0,0,0,0,0,0,0,0,0,0,0,0,0,62
3485,2014,119900.0,2,1.0,700,3180,1.0,0,0,3,6,480,220,1951,98178,47.4976,-122.262,1760,6360,0,0,0,0,0,0,0,0,0,0,0,0,0,0,0,0,0,63
3639,2014,200000.0,4,1.0,1070,7467,1.5,0,0,3,7,1070,0,1944,98178,47.4942,-122.235,1160,7467,1,0,0,0,0,0,0,0,0,0,0,0,0,0,0,0,0,70
3759,2014,345100.0,3,3.75,1950,8625,1.0,0,0,3,8,1360,590,1959,98178,47.505,-122.258,1950,6670,0,0,0,0,1,0,0,0,0,0,0,0,0,0,0,0,0,55
3760,2014,200000.0,3,1.0,960,7500,1.0,0,0,3,6,960,0,1953,98178,47.4966,-122.255,1250,6000,1,0,0,1,0,0,0,0,0,0,0,0,0,0,0,0,0,61
3952,2014,210000.0,3,1.75,1400,7300,2.0,0,0,3,6,1400,0,1948,98178,47.4999,-122.268,1440,10825,0,0,0,0,0,0,0,0,0,0,0,0,0,0,0,0,0,66
4103,2014,359950.0,3,2.25,1940,11612,1.0,0,0,4,8,1100,840,1981,98178,47.5018,-122.23,2180,8954,1,1,0,0,0,0,0,1,0,0,0,0,0,0,0,0,0,33
4186,2014,360000.0,3,2.0,1960,8846,1.0,0,3,4,6,980,980,1940,98178,47.5101,-122.246,2190,6363,2,0,0,0,2,0,0,0,0,0,0,0,0,0,0,0,0,74
4531,2015,265000.0,3,1.0,1360,5967,1.0,0,0,3,6,1360,0,1954,98178,47.4973,-122.256,1360,6052,1,0,0,1,0,0,0,0,0,0,0,0,0,0,0,0,0,61
4538,2014,195000.0,2,1.0,720,18000,1.0,0,0,3,6,720,0,1950,98178,47.5054,-122.261,1250,7925,0,0,0,0,1,0,0,0,0,0,0,0,0,0,0,0,0,64
4745,2014,353000.0,4,2.75,1920,4627,1.0,0,0,3,8,1010,910,1998,98178,47.5003,-122.23,1910,7210,1,1,0,0,0,0,0,1,0,0,0,0,0,0,0,0,0,16
5110,2014,499900.0,3,1.75,2430,8820,1.0,0,2,3,8,1630,800,1977,98178,47.4972,-122.233,2390,10050,1,0,0,0,0,0,0,0,0,0,0,0,0,0,0,0,0,37
5171,2014,169000.0,3,1.0,890,7110,1.0,0,0,3,6,890,0,1957,98178,47.4971,-122.261,1100,8375,0,0,0,0,0,0,0,0,0,0,0,0,0,0,0,0,0,57
5183,2014,220000.0,3,1.75,1900,7680,1.0,0,0,3,7,1260,640,1959,98178,47.5081,-122.266,2000,7740,0,0,1,0,1,0,0,0,0,0,0,0,0,0,0,0,0,55
5288,2014,279000.0,4,1.0,1210,6000,1.5,0,2,3,7,1210,0,1943,98178,47.5026,-122.234,1470,6000,0,0,0,0,0,0,0,0,0,0,0,0,0,0,0,0,0,71
5472,2014,372500.0,5,3.0,2480,10090,1.0,0,0,3,7,1300,1180,2004,98178,47.4964,-122.263,2290,9900,0,0,0,0,0,0,0,0,0,0,0,0,0,0,0,0,0,10
5625,2014,235000.0,2,1.0,880,5600,1.0,0,0,5,7,880,0,1955,98178,47.5071,-122.265,1240,7015,0,0,0,0,1,0,0,0,0,0,0,0,0,0,0,0,0,59
5760,2014,1100000.0,4,3.25,3190,11774,2.0,1,4,3,8,2610,580,1956,98178,47.5033,-122.225,2240,8725,2,1,0,0,0,0,0,1,0,0,0,0,0,0,0,1,0,23
5809,2014,258000.0,3,1.75,1040,5650,1.0,0,0,5,6,1040,0,1951,98178,47.5111,-122.256,1290,5650,7,1,0,0,5,0,0,0,0,1,0,0,0,0,0,0,0,63
5879,2015,241000.0,3,1.0,880,6050,1.0,0,0,3,6,880,0,1945,98178,47.4995,-122.248,1130,6050,2,0,0,1,0,1,0,0,0,0,0,0,0,0,0,0,0,70
5937,2014,261000.0,3,1.0,1780,7800,1.0,0,0,3,7,1060,720,1957,98178,47.4932,-122.263,1450,7800,0,0,0,0,0,0,0,0,0,0,0,0,0,0,0,0,0,57
6152,2015,390000.0,4,2.25,3060,7920,1.0,0,0,3,7,1530,1530,1965,98178,47.4879,-122.245,1850,7800,2,0,0,0,0,1,0,0,0,0,0,0,0,0,0,0,0,50
6156,2014,375000.0,3,2.5,2320,5760,1.0,0,0,3,7,1480,840,1987,98178,47.504,-122.248,1660,5762,2,0,0,1,2,1,0,0,0,0,0,0,0,0,0,0,0,27
6171,2015,352000.0,4,1.5,1440,8680,1.5,0,0,3,7,1440,0,1922,98178,47.502,-122.228,1440,9000,2,1,0,0,0,0,0,1,0,0,0,0,0,0,0,1,0,93
6185,2014,287000.0,2,1.0,930,6900,1.0,0,2,3,7,930,0,1952,98178,47.506,-122.242,1910,7194,1,0,0,1,2,0,0,0,0,0,0,0,0,0,0,0,0,62
6278,2014,241000.0,3,1.0,1150,10000,1.0,0,0,3,6,1000,150,1951,98178,47.5075,-122.262,1340,10000,1,0,0,0,1,0,0,0,0,0,0,0,0,0,0,0,0,63
6320,2014,295000.0,5,3.5,2100,5107,2.0,0,0,3,7,1410,690,1999,98178,47.5108,-122.257,1410,5650,3,0,1,0,3,0,0,0,0,0,0,0,0,0,0,0,0,15
6392,2015,800000.0,4,2.5,4940,10037,1.0,0,4,3,9,3450,1490,1953,98178,47.5095,-122.247,2430,9272,2,0,0,0,2,0,0,0,0,0,0,0,0,0,0,0,0,62
6425,2015,375000.0,5,1.75,2230,7560,1.0,0,0,3,7,1230,1000,1959,98178,47.5055,-122.26,1380,6570,0,0,0,0,1,0,0,0,0,0,0,0,0,0,0,0,0,56
6788,2014,212000.0,3,1.0,1040,6800,1.0,0,0,5,6,1040,0,1951,98178,47.492,-122.224,1430,6080,5,1,0,0,0,0,1,1,0,0,0,0,0,0,0,4,0,63
6892,2014,350000.0,3,1.75,2010,6150,2.0,0,0,5,7,2010,0,1939,98178,47.4975,-122.231,1770,7380,1,0,0,0,0,0,0,0,0,0,0,0,0,0,0,0,0,75
6898,2015,336000.0,3,3.0,1790,13350,1.0,0,0,3,7,1190,600,1988,98178,47.4958,-122.262,1740,10624,0,0,0,0,0,0,0,0,0,0,0,0,0,0,0,0,0,27
6989,2014,303100.0,3,1.5,1640,5650,1.0,0,0,3,8,1640,0,1952,98178,47.509,-122.251,1640,5650,2,0,0,0,2,0,0,0,0,0,0,0,0,0,0,0,0,62
6999,2014,356200.0,3,2.0,1690,10062,1.0,0,2,5,7,940,750,1928,98178,47.5102,-122.241,2390,6650,1,0,0,0,2,0,0,0,0,0,0,0,0,0,0,0,0,86
7174,2014,205000.0,3,1.0,860,7467,1.0,0,0,3,6,860,0,1944,98178,47.4947,-122.237,1280,7467,1,0,0,0,0,1,0,0,0,0,0,0,0,0,0,0,0,70
7291,2014,353000.0,3,1.75,2190,7021,1.0,0,2,4,7,1390,800,1953,98178,47.5033,-122.232,2180,7155,0,0,0,0,0,0,0,0,0,0,0,0,0,0,0,0,0,61
7412,2015,552000.0,4,2.75,3160,8429,1.0,0,3,4,7,1620,1540,1982,98178,47.511,-122.251,1760,6780,2,0,0,0,2,0,0,0,0,0,0,0,0,0,0,0,0,33
7449,2015,343000.0,3,1.75,2210,7920,1.0,0,0,3,7,1400,810,1966,98178,47.4968,-122.237,2220,7920,1,0,0,0,0,1,0,0,0,0,0,0,0,0,0,0,0,49
7617,2015,288250.0,3,1.75,2110,15400,1.0,0,0,3,7,1380,730,1963,98178,47.4861,-122.226,2110,9800,8,0,0,1,1,0,0,1,0,0,0,0,0,0,0,7,0,52
7718,2015,216000.0,2,1.0,1810,10360,1.0,0,0,3,6,1010,800,1946,98178,47.5039,-122.266,1810,10360,0,0,0,0,1,0,0,0,0,0,0,0,0,0,0,0,0,69
7733,2014,340000.0,4,2.25,2060,8400,1.0,0,0,3,7,1300,760,1960,98178,47.4984,-122.23,1990,7383,1,1,0,0,0,0,0,1,0,0,0,0,0,0,0,0,0,54
7744,2015,258000.0,2,2.0,750,6553,1.5,0,2,3,7,750,0,1945,98178,47.4982,-122.221,1140,7500,3,1,0,0,0,0,0,1,0,0,0,0,0,0,0,1,0,70
7749,2014,472000.0,3,1.75,2180,7200,1.0,0,3,4,8,1090,1090,1954,98178,47.5044,-122.235,2180,7140,0,0,0,0,0,0,0,0,0,0,0,0,0,0,0,0,0,60
7761,2014,170000.0,2,1.0,810,9882,1.0,0,0,3,6,810,0,1944,98178,47.4925,-122.239,950,7200,2,0,0,0,0,1,0,0,0,0,0,0,0,0,0,0,0,70
7822,2014,199950.0,3,1.0,1340,7260,1.5,0,0,3,6,1340,0,1944,98178,47.4934,-122.237,1210,7260,1,0,0,0,0,1,0,0,0,0,0,0,0,0,0,0,0,70
7839,2014,315000.0,4,2.5,1950,3225,2.0,0,0,3,7,1950,0,2002,98178,47.5014,-122.226,1980,3225,2,1,0,0,0,0,0,1,0,0,0,0,0,0,0,1,0,12
7954,2014,153000.0,3,1.0,1270,6405,1.5,0,0,3,6,1270,0,1944,98178,47.4959,-122.241,1110,6405,2,0,0,1,0,1,0,0,0,0,0,0,0,0,0,0,0,70
7958,2015,203000.0,3,1.75,1190,6000,1.0,0,0,3,7,1190,0,1952,98178,47.5026,-122.236,1200,6000,0,0,0,0,0,0,0,0,0,0,0,0,0,0,0,0,0,0
8029,2015,210000.0,4,1.75,2090,6485,1.0,0,0,3,7,1280,810,1956,98178,47.4958,-122.265,2190,9600,0,0,0,0,0,0,0,0,0,0,0,0,0,0,0,0,0,59
8058,2015,361000.0,3,2.25,2470,5650,1.0,0,2,3,7,1550,920,1973,98178,47.5072,-122.252,1660,5650,1,0,0,0,2,0,0,0,0,0,0,0,0,0,0,0,0,42
8101,2014,315000.0,4,2.0,1780,5336,1.5,0,0,5,6,930,850,1918,98178,47.5094,-122.263,1910,10304,1,0,1,0,1,0,0,0,0,0,0,0,0,0,0,0,0,96
8182,2014,495000.0,5,1.0,1810,11205,1.5,0,2,3,7,1810,0,1915,98178,47.5099,-122.262,1860,7965,1,0,1,0,1,0,0,0,0,0,0,0,0,0,0,0,0,99
8213,2014,190000.0,1,0.75,930,29258,1.0,0,0,3,6,930,0,1941,98178,47.4837,-122.236,2000,18321,1,0,0,0,0,0,0,0,0,0,0,0,0,0,0,0,0,73
8403,2014,239300.0,3,1.0,1070,5750,1.0,0,0,3,7,1070,0,1952,98178,47.5071,-122.255,1420,6500,1,0,0,0,2,0,0,0,0,0,0,0,0,0,0,0,0,62
8419,2014,248000.0,4,2.0,2080,13510,1.0,0,0,3,7,1040,1040,1950,98178,47.4918,-122.258,2010,11625,0,0,0,0,0,0,0,0,0,0,0,0,0,0,0,0,0,64
8653,2015,289900.0,3,1.0,1180,7068,1.0,0,0,3,6,1180,0,1944,98178,47.4947,-122.238,1180,7068,1,0,0,0,0,1,0,0,0,0,0,0,0,0,0,0,0,71
8767,2014,159075.0,4,1.5,1580,6200,1.0,0,0,3,6,790,790,1944,98178,47.4971,-122.24,1320,6499,2,0,0,1,0,1,0,0,0,0,0,0,0,0,0,0,0,70
8876,2014,323500.0,3,3.0,2240,11536,2.0,0,0,3,7,2240,0,1943,98178,47.4886,-122.245,1650,8760,2,0,0,1,0,1,0,0,0,0,0,0,0,0,0,0,0,9
8902,2014,350000.0,4,1.75,1820,6930,1.0,0,2,4,7,1320,500,1952,98178,47.5053,-122.242,1820,6825,2,0,0,1,2,0,0,0,0,0,0,0,0,0,0,0,0,62
8982,2014,225000.0,3,1.5,1220,8345,1.5,0,0,3,7,1220,0,1931,98178,47.5038,-122.266,1880,10169,0,0,0,0,1,0,0,0,0,0,0,0,0,0,0,0,0,83
9040,2014,265950.0,3,1.5,1150,8450,1.0,0,0,4,6,1150,0,1951,98178,47.4927,-122.224,1160,6800,5,1,0,0,0,0,1,1,0,0,0,0,0,0,0,4,0,63
9136,2014,304000.0,3,1.75,1720,6000,1.0,0,2,3,7,1000,720,1954,98178,47.4999,-122.223,1690,6000,2,1,0,0,0,0,0,1,0,0,0,0,0,0,0,1,0,60
9320,2014,323000.0,3,1.75,1830,12500,1.0,0,1,3,7,1200,630,1947,98178,47.5087,-122.25,1830,7300,2,0,0,0,2,0,0,0,0,0,0,0,0,0,0,0,0,67
9382,2014,230000.0,3,1.75,1420,3000,1.0,0,0,3,5,710,710,1931,98178,47.4928,-122.274,1960,5000,5,0,0,0,0,0,0,0,0,0,0,0,0,0,0,0,0,0
9433,2014,272000.0,3,2.0,1200,5700,1.0,0,0,5,7,1200,0,1942,98178,47.5031,-122.242,1190,6384,2,0,0,1,2,1,0,0,0,0,0,0,0,0,0,0,0,72
9485,2014,349170.0,4,1.75,1670,8856,1.0,0,2,3,7,1070,600,1955,98178,47.5056,-122.251,1660,8088,2,0,0,1,2,0,0,0,0,0,0,0,0,0,0,0,0,59
9605,2014,264250.0,3,1.0,1420,7420,1.5,0,0,3,6,1420,0,1944,98178,47.4949,-122.239,1290,6600,2,0,0,0,0,1,0,0,0,0,0,0,0,0,0,0,0,70
9609,2014,339950.0,5,2.0,1890,6050,2.0,0,0,4,7,1890,0,1944,98178,47.5018,-122.242,1170,6050,1,0,0,1,1,1,0,0,0,0,0,0,0,0,0,0,0,70
9676,2014,315000.0,4,1.75,1850,8580,1.0,0,0,3,7,1140,710,1960,98178,47.4877,-122.24,2210,9240,1,0,0,0,0,1,0,0,0,0,0,0,0,0,0,0,0,54
9727,2014,270000.0,4,2.25,2600,9900,1.0,0,0,3,7,1600,1000,1965,98178,47.4881,-122.237,1770,11250,1,0,0,0,0,1,0,0,0,0,0,0,0,0,0,0,0,49
9730,2015,256000.0,4,1.75,1270,6825,1.0,0,2,3,7,1270,0,1950,98178,47.5051,-122.242,1800,6930,2,0,0,1,2,1,0,0,0,0,0,0,0,0,0,0,0,65
9805,2015,284200.0,3,1.75,1540,6632,1.0,0,0,3,7,1070,470,1959,98178,47.4973,-122.252,2510,6618,1,0,0,1,0,1,0,0,0,0,0,0,0,0,0,0,0,56
9823,2014,230000.0,4,1.75,1850,6000,1.0,0,0,4,6,1270,580,1944,98178,47.4923,-122.247,1270,6600,2,0,0,1,0,1,0,0,0,0,0,0,0,0,0,0,0,70
10016,2014,292050.0,5,3.0,2840,7199,1.0,0,0,3,7,1710,1130,2003,98178,47.5065,-122.275,2210,10800,0,0,0,0,0,0,0,0,0,0,0,0,0,0,0,0,0,11
10033,2014,228000.0,4,1.75,2000,6120,1.0,0,0,3,7,1100,900,1965,98178,47.5035,-122.258,1880,6120,0,0,0,0,0,0,0,0,0,0,0,0,0,0,0,0,0,49
10159,2015,339000.0,4,2.5,1740,6000,1.0,0,0,4,7,1740,0,1952,98178,47.5026,-122.236,1190,6000,0,0,0,0,0,0,0,0,0,0,0,0,0,0,0,0,0,63
10162,2014,235000.0,3,1.0,1210,6000,1.0,0,0,3,7,1210,0,1930,98178,47.4984,-122.224,1210,6000,3,1,0,0,0,0,0,1,0,0,0,0,0,0,0,1,0,84
10206,2015,466000.0,4,2.0,2240,4508,1.0,0,2,4,8,1340,900,1926,98178,47.5096,-122.25,1930,5250,2,0,0,0,2,0,0,0,0,0,0,0,0,0,0,0,0,89
10239,2014,257000.0,3,1.75,1800,9000,1.0,0,0,3,7,1200,600,1961,98178,47.4932,-122.278,980,6000,5,0,0,0,0,0,0,0,0,0,0,0,0,0,0,0,0,53
10296,2015,166000.0,2,1.0,870,8487,1.0,0,0,4,6,870,0,1944,98178,47.4955,-122.239,1350,6850,2,0,0,0,0,1,0,0,0,0,0,0,0,0,0,0,0,71
10360,2014,340500.0,3,2.5,3070,5871,3.0,0,0,4,8,2510,560,1928,98178,47.5007,-122.223,2220,4000,2,1,0,0,0,0,0,1,0,0,0,0,0,0,0,1,0,86
10409,2014,269000.0,2,1.5,1010,6000,1.0,0,0,4,7,1010,0,1923,98178,47.498,-122.222,1290,6000,3,1,0,0,0,0,0,1,0,0,0,0,0,0,0,1,0,91
10486,2014,301350.0,3,3.0,1860,7440,1.0,0,0,5,7,1040,820,1954,98178,47.5035,-122.255,1490,8160,2,0,0,1,2,0,0,0,0,0,0,0,0,0,0,0,0,60
10568,2015,290500.0,4,2.5,1680,3000,2.0,0,0,3,7,1680,0,2003,98178,47.494,-122.279,1420,5500,5,0,0,0,0,0,0,0,0,0,0,0,0,0,0,0,0,12
10663,2014,415000.0,4,2.5,2170,8518,1.0,0,3,3,7,1350,820,1955,98178,47.5073,-122.234,1880,7680,0,0,0,0,0,0,0,0,0,0,0,0,0,0,0,0,0,59
10724,2014,251000.0,4,2.0,1650,5974,1.0,0,0,5,7,860,790,1972,98178,47.5008,-122.257,1940,6001,0,0,0,1,0,0,0,0,0,0,0,0,0,0,0,0,0,42
10730,2015,450000.0,2,2.75,2810,11205,1.0,0,0,3,7,1510,1300,1968,98178,47.4869,-122.243,2520,13000,1,0,0,0,0,0,0,0,0,0,0,0,0,0,0,0,0,47
10818,2015,318000.0,3,2.25,1690,12662,1.0,0,0,5,7,1090,600,1982,98178,47.4972,-122.264,1950,9642,0,0,0,0,0,0,0,0,0,0,0,0,0,0,0,0,0,33
10876,2014,238950.0,2,1.0,1190,11400,1.0,0,0,3,7,1190,0,1951,98178,47.5012,-122.265,1410,11400,0,0,0,0,0,0,0,0,0,0,0,0,0,0,0,0,0,63
10959,2015,137900.0,3,1.75,1160,5082,1.0,0,0,3,6,580,580,1942,98178,47.503,-122.262,1730,6000,0,0,0,0,0,0,0,0,0,0,0,0,0,0,0,0,0,73
11021,2014,315000.0,2,1.0,2080,14659,1.0,0,0,3,7,1040,1040,1960,98178,47.4858,-122.231,1920,15208,1,0,0,0,0,0,0,0,0,0,0,0,0,0,0,1,0,54
11053,2014,354000.0,6,3.5,3020,4500,2.0,0,0,3,7,3020,0,1941,98178,47.498,-122.225,900,6000,3,1,0,0,0,0,0,1,0,0,0,0,0,0,0,1,0,22
11132,2014,324950.0,4,1.75,2320,9240,1.0,0,0,3,7,1160,1160,1959,98178,47.4909,-122.257,2130,7320,0,0,0,1,0,0,0,0,0,0,0,0,0,0,0,0,0,0
11167,2015,750000.0,5,1.75,2640,13290,1.0,1,4,4,8,1400,1240,1954,98178,47.5022,-122.223,2400,11942,2,1,0,0,0,0,0,1,0,0,0,0,0,0,0,1,0,61
11198,2014,230000.0,5,2.0,1910,7200,1.0,0,0,4,6,1110,800,1951,98178,47.4975,-122.261,1150,5948,0,0,0,0,0,0,0,0,0,0,0,0,0,0,0,0,0,63
11294,2014,219950.0,2,1.0,990,6448,1.0,0,0,3,7,990,0,1948,98178,47.5031,-122.245,1130,7200,2,0,0,1,2,1,0,0,0,0,0,0,0,0,0,0,0,66
11342,2014,343500.0,4,1.75,1760,6204,1.0,0,2,4,7,1180,580,1950,98178,47.5045,-122.24,1990,6240,2,0,0,1,2,1,0,0,0,0,0,0,0,0,0,0,0,64
11380,2014,275000.0,4,1.75,1690,6000,1.0,0,0,3,7,1690,0,1957,98178,47.497,-122.227,1350,6000,3,1,0,0,0,0,0,1,0,0,0,0,0,0,0,1,0,57
11656,2015,272000.0,1,0.75,1040,6034,1.0,0,1,3,7,580,460,1991,98178,47.5078,-122.251,1560,5650,2,0,0,0,2,0,0,0,0,0,0,0,0,0,0,0,0,24
11765,2015,419000.0,5,3.0,2190,9652,2.0,0,0,3,7,2190,0,1999,98178,47.5049,-122.239,1440,6710,1,0,0,0,1,1,0,0,0,0,0,0,0,0,0,0,0,16
11960,2015,286300.0,3,2.75,2000,6405,1.0,0,0,3,8,1260,740,1964,98178,47.5066,-122.259,2130,6510,0,0,0,0,1,0,0,0,0,0,0,0,0,0,0,0,0,51
12422,2014,317000.0,5,2.5,2360,11375,1.0,0,0,4,7,1180,1180,1962,98178,47.4875,-122.255,1160,7800,0,0,0,0,0,0,0,0,0,0,0,0,0,0,0,0,0,52
12461,2015,287500.0,5,2.0,2020,67953,1.5,0,0,4,7,1620,400,1936,98178,47.4891,-122.263,1270,13198,0,0,0,0,1,0,0,0,0,0,0,0,0,0,0,0,0,79
12465,2015,222900.0,2,1.0,1110,6411,1.0,0,0,3,6,1110,0,1944,98178,47.4962,-122.242,1150,6504,2,0,0,1,0,1,0,0,0,0,0,0,0,0,0,0,0,71
12481,2015,625000.0,5,3.5,4010,6000,2.0,0,3,3,9,2560,1450,1997,98178,47.4928,-122.229,2440,6000,2,1,0,0,0,0,0,1,0,0,0,0,0,0,0,1,0,18
12579,2014,215000.0,2,1.0,710,7200,1.0,0,0,3,6,710,0,1943,98178,47.4903,-122.245,960,7200,2,0,0,1,0,1,0,0,0,0,0,0,0,0,0,0,0,71
12623,2014,280000.0,4,1.0,1880,6288,1.0,0,0,3,7,1120,760,1974,98178,47.5101,-122.259,1880,6334,1,0,1,0,1,0,0,0,0,0,0,0,0,0,0,0,0,40
12710,2015,218000.0,2,1.5,2010,7755,2.0,0,0,3,7,2010,0,1952,98178,47.4947,-122.233,1360,8037,1,0,0,0,0,0,0,0,0,0,0,0,0,0,0,0,0,63
12723,2014,281000.0,2,1.0,1280,12500,1.0,0,0,3,7,1060,220,1951,98178,47.4833,-122.237,1460,17771,1,0,0,0,0,0,0,0,0,0,0,0,0,0,0,0,0,63
12771,2014,363500.0,4,1.75,2180,9702,1.0,0,0,5,7,1090,1090,1962,98178,47.4973,-122.268,2020,9792,0,0,0,0,0,0,0,0,0,0,0,0,0,0,0,0,0,52
12775,2015,170000.0,3,1.0,790,6750,1.0,0,0,2,6,790,0,1944,98178,47.4984,-122.24,960,6298,2,0,0,1,0,1,0,0,0,0,0,0,0,0,0,0,0,71
12781,2014,207000.0,3,1.0,860,7740,1.0,0,0,3,6,860,0,1960,98178,47.4906,-122.244,980,7200,2,0,0,1,0,1,0,0,0,0,0,0,0,0,0,0,0,54
12864,2014,319950.0,2,1.0,1070,5824,1.0,0,2,5,7,1070,0,1949,98178,47.507,-122.242,2090,7980,1,0,0,0,2,0,0,0,0,0,0,0,0,0,0,0,0,65
12873,2014,245000.0,4,1.0,1530,7200,1.5,0,0,3,7,1400,130,1948,98178,47.5015,-122.262,1530,7200,0,0,0,0,0,0,0,0,0,0,0,0,0,0,0,0,0,66
12874,2014,255000.0,3,1.5,1320,7980,1.0,0,0,3,7,1320,0,1956,98178,47.5068,-122.259,2000,7700,0,0,0,0,1,0,0,0,0,0,0,0,0,0,0,0,0,58
12937,2014,372000.0,4,2.5,2070,8658,2.0,0,0,3,8,2070,0,1999,98178,47.5072,-122.257,2010,7215,1,0,0,0,2,0,0,0,0,0,0,0,0,0,0,0,0,15
13118,2014,300000.0,4,2.0,2360,7440,1.0,0,0,3,7,1180,1180,1955,98178,47.5044,-122.245,1680,7800,2,0,0,1,2,1,0,0,0,0,0,0,0,0,0,0,0,59
13228,2014,150000.0,4,2.0,1460,7254,1.0,0,0,3,6,1460,0,1959,98178,47.5056,-122.254,1460,7236,2,0,0,1,2,0,0,0,0,0,0,0,0,0,0,0,0,55
13365,2014,190000.0,2,1.0,930,11450,1.0,0,0,3,6,930,0,1946,98178,47.4862,-122.264,1150,11450,3,0,0,0,1,0,0,0,0,0,0,0,0,0,0,0,0,68
13729,2015,265000.0,4,1.75,1970,8390,1.0,0,0,3,7,1140,830,1955,98178,47.4861,-122.251,1710,10890,0,0,0,0,0,0,0,0,0,0,0,0,0,0,0,0,0,60
13810,2014,415000.0,4,1.75,2230,9625,1.0,0,4,3,8,1180,1050,1955,98178,47.508,-122.244,2300,8211,1,0,0,0,2,0,0,0,0,0,0,0,0,0,0,0,0,59
13904,2014,265000.0,2,2.0,1860,10856,1.0,0,0,3,8,1260,600,1952,98178,47.4989,-122.265,1250,10008,0,0,0,0,0,0,0,0,0,0,0,0,0,0,0,0,0,62
13992,2014,200000.0,2,1.0,790,5985,1.0,0,0,3,6,790,0,1944,98178,47.4941,-122.24,1030,5985,2,0,0,1,0,1,0,0,0,0,0,0,0,0,0,0,0,70
14108,2014,229950.0,2,1.0,920,7716,1.0,0,0,3,6,920,0,1944,98178,47.5028,-122.243,1410,7128,2,0,0,1,2,1,0,0,0,0,0,0,0,0,0,0,0,70
14115,2015,229950.0,2,1.0,850,6000,1.0,0,0,3,6,850,0,1924,98178,47.4972,-122.224,1100,6000,3,1,0,0,0,0,0,1,0,0,0,0,0,0,0,1,0,91
14149,2015,452100.0,4,2.5,3160,6540,1.0,0,3,3,8,1580,1580,1959,98178,47.5037,-122.24,1990,7090,2,0,0,1,2,1,0,0,0,0,0,0,0,0,0,0,0,56
14302,2014,223000.0,3,2.0,1310,8440,1.0,0,0,5,6,1310,0,1951,98178,47.5003,-122.269,1790,10775,0,0,0,0,0,0,0,0,0,0,0,0,0,0,0,0,0,63
14432,2014,361000.0,3,1.75,2130,8742,1.0,0,3,3,7,1330,800,1955,98178,47.5057,-122.231,2380,7448,0,0,0,0,0,0,0,0,0,0,0,0,0,0,0,0,0,59
14465,2015,260000.0,4,1.75,2010,10816,1.0,0,0,3,7,1410,600,1955,98178,47.5048,-122.251,1610,9360,2,0,0,1,2,1,0,0,0,0,0,0,0,0,0,0,0,60
14578,2015,335750.0,3,3.0,2400,7260,1.0,0,0,3,7,1440,960,1955,98178,47.5045,-122.251,1060,7200,2,0,0,1,2,1,0,0,0,0,0,0,0,0,0,0,0,60
14608,2014,406000.0,4,1.0,1580,8475,1.5,0,2,4,7,1580,0,1928,98178,47.5104,-122.254,1700,5650,2,0,0,0,2,0,0,0,0,0,0,0,0,0,0,0,0,86
14626,2014,229000.0,3,2.5,1190,3000,2.0,0,0,3,7,1190,0,2002,98178,47.4933,-122.275,1190,3000,5,0,0,0,0,0,0,0,0,0,0,0,0,0,0,0,0,12
14680,2014,295000.0,3,2.0,1830,17321,1.0,0,0,4,7,1100,730,1948,98178,47.5072,-122.272,1450,10706,0,0,0,0,1,0,0,0,0,0,0,0,0,0,0,0,0,66
14712,2014,239950.0,4,1.0,1460,6000,1.0,0,0,4,7,730,730,1941,98178,47.4952,-122.224,1190,6000,3,1,0,0,0,0,0,1,0,0,0,0,0,0,0,2,0,73
14818,2014,219900.0,3,1.0,860,6664,1.0,0,0,3,6,860,0,1944,98178,47.4931,-122.247,1150,6857,2,0,0,1,0,1,0,0,0,0,0,0,0,0,0,0,0,70
14880,2014,416100.0,4,1.75,2320,5490,1.0,0,3,3,8,1160,1160,1956,98178,47.5091,-122.241,2240,7200,1,0,0,0,2,0,0,0,0,0,0,0,0,0,0,0,0,58
15036,2014,200000.0,3,1.0,1480,5600,1.0,0,0,4,6,940,540,1947,98178,47.5045,-122.27,1350,11100,0,0,0,0,1,0,0,0,0,0,0,0,0,0,0,0,0,67
15099,2014,194000.0,3,1.0,1180,6050,1.0,0,0,3,6,820,360,1944,98178,47.4945,-122.249,1070,6050,1,0,0,1,0,1,0,0,0,0,0,0,0,0,0,0,0,70
15131,2015,135000.0,3,1.0,840,3000,1.0,0,0,3,5,840,0,1943,98178,47.494,-122.275,1010,6000,5,0,0,0,0,0,0,0,0,0,0,0,0,0,0,0,0,72
15146,2014,245000.0,3,2.25,2210,10794,1.0,0,0,3,7,1540,670,1967,98178,47.4911,-122.224,2230,10753,4,0,0,0,0,0,1,2,0,0,0,0,0,0,0,4,0,47
15147,2015,520000.0,3,2.25,2210,10794,1.0,0,0,3,7,1540,670,1967,98178,47.4911,-122.224,2230,10753,4,0,0,0,0,0,1,2,0,0,0,0,0,0,0,4,0,48
15164,2015,225000.0,3,1.0,1250,10200,1.0,0,0,3,6,1250,0,1965,98178,47.4902,-122.256,1800,8283,1,0,0,1,0,0,0,0,0,0,0,0,0,0,0,0,0,50
15194,2015,157500.0,3,1.0,1100,27008,1.0,0,0,3,6,960,140,1935,98178,47.4963,-122.249,1280,8890,1,0,0,1,0,1,0,0,0,0,0,0,0,0,0,0,0,80
15216,2014,475000.0,4,3.0,2400,5400,2.0,0,2,4,7,1600,800,1965,98178,47.5099,-122.26,2400,5400,1,0,1,0,1,0,0,0,0,0,0,0,0,0,0,0,0,49
15280,2015,329000.0,3,1.0,1200,5650,1.5,0,0,3,7,1200,0,1928,98178,47.5065,-122.249,1610,5650,1,0,0,0,2,0,0,0,0,0,0,0,0,0,0,0,0,87
15317,2014,147000.0,3,1.0,1070,14000,1.0,0,0,3,7,1070,0,1960,98178,47.4971,-122.279,920,12500,0,0,0,0,0,0,0,0,0,0,0,0,0,0,0,0,0,54
15329,2015,225000.0,2,1.0,1070,6000,1.0,0,0,4,5,1070,0,1922,98178,47.495,-122.227,1910,6000,3,1,0,0,0,0,0,1,0,0,0,0,0,0,0,2,0,93
15386,2014,840500.0,4,2.25,2290,12174,1.0,1,4,3,7,1490,800,1948,98178,47.5114,-122.245,2290,9379,1,0,0,0,2,0,0,0,0,0,0,0,0,0,0,0,0,66
15445,2014,299980.0,4,1.5,1580,10230,1.0,0,0,3,6,790,790,1945,98178,47.5002,-122.246,1130,6955,1,0,0,1,1,1,0,0,0,0,0,0,0,0,0,0,0,6
15452,2015,254500.0,2,1.0,1150,11250,1.0,0,0,3,6,1150,0,1920,98178,47.486,-122.264,1100,11400,3,0,0,0,1,0,0,0,0,0,0,0,0,0,0,0,0,95
15625,2014,249950.0,5,2.0,1730,7375,1.0,0,0,4,6,1730,0,1944,98178,47.4953,-122.238,1550,7125,1,0,0,0,0,1,0,0,0,0,0,0,0,0,0,0,0,70
15825,2014,700000.0,4,1.75,1950,7139,1.0,1,4,3,7,1150,800,1957,98178,47.5121,-122.248,1600,13122,2,0,0,0,2,0,0,0,0,0,0,0,0,0,0,0,0,57
15905,2014,415000.0,4,3.5,3040,7125,2.0,0,1,3,8,2240,800,2002,98178,47.492,-122.225,2220,7800,4,1,0,0,0,0,1,1,0,0,0,0,0,0,0,2,0,12
15936,2014,345000.0,3,1.75,1990,5650,1.0,0,1,3,7,1320,670,1963,98178,47.5086,-122.252,2130,5650,2,0,0,0,2,0,0,0,0,0,0,0,0,0,0,0,0,51
16050,2014,399000.0,3,1.75,1620,10000,1.5,0,0,5,6,1620,0,1918,98178,47.5091,-122.262,1880,10000,1,0,1,0,1,0,0,0,0,0,0,0,0,0,0,0,0,96
16086,2015,325000.0,2,1.75,1670,10725,1.0,0,0,3,7,1670,0,1965,98178,47.4893,-122.229,1600,10725,0,0,0,0,0,0,0,0,0,0,0,0,0,0,0,0,0,50
16112,2015,180000.0,2,1.0,890,6000,1.0,0,0,2,6,890,0,1919,98178,47.4976,-122.225,1100,6000,3,1,0,0,0,0,0,1,0,0,0,0,0,0,0,1,0,96
16166,2015,329950.0,4,1.0,2050,7590,1.0,0,0,3,7,1280,770,1957,98178,47.4916,-122.224,2050,7800,5,1,0,0,0,0,1,1,0,0,0,0,0,0,0,4,0,58
16179,2014,218000.0,3,1.0,880,18205,1.0,0,0,4,6,880,0,1945,98178,47.5013,-122.244,1110,16115,1,0,0,1,1,1,0,0,0,0,0,0,0,0,0,0,0,69
16200,2014,326000.0,4,1.75,2290,7380,1.0,0,0,3,7,1390,900,1963,98178,47.5034,-122.245,1170,7381,2,0,0,1,2,1,0,0,0,0,0,0,0,0,0,0,0,51
16222,2014,439000.0,3,2.25,2230,4551,1.5,0,2,5,8,1450,780,1928,98178,47.5078,-122.236,2060,7200,0,0,0,0,0,0,0,0,0,0,0,0,0,0,0,0,0,86
16223,2014,277554.0,5,2.25,2350,13000,1.0,0,0,3,7,2350,0,1961,98178,47.4939,-122.256,1570,11440,1,0,0,1,0,0,0,0,0,0,0,0,0,0,0,0,0,53
16237,2014,216500.0,2,1.0,710,6960,1.0,0,0,4,6,710,0,1943,98178,47.4886,-122.246,940,7680,2,0,0,1,0,1,0,0,0,0,0,0,0,0,0,0,0,71
16259,2014,225000.0,2,1.0,800,6050,1.0,0,0,4,6,800,0,1944,98178,47.5001,-122.242,880,6050,1,0,0,1,1,1,0,0,0,0,0,0,0,0,0,0,0,70
16333,2014,869000.0,2,1.75,1900,13122,1.0,1,4,3,7,1100,800,1954,98178,47.5121,-122.248,1650,13160,2,0,0,0,2,0,0,0,0,0,0,0,0,0,0,0,0,60
16445,2014,227000.0,4,1.0,1200,7200,1.5,0,0,3,6,1200,0,1944,98178,47.4951,-122.248,1070,6050,2,0,0,1,0,1,0,0,0,0,0,0,0,0,0,0,0,70
16481,2014,253000.0,3,1.5,880,6600,1.0,0,0,5,6,880,0,1945,98178,47.5002,-122.247,1020,6600,1,0,0,1,1,1,0,0,0,0,0,0,0,0,0,0,0,69
16510,2014,255000.0,2,1.0,1260,7810,2.0,0,0,3,6,1260,0,1945,98178,47.5003,-122.248,1260,7755,1,0,0,1,1,1,0,0,0,0,0,0,0,0,0,0,0,69
16546,2014,227000.0,3,1.0,1340,10035,1.0,0,0,3,7,1340,0,1959,98178,47.4916,-122.254,2090,10035,1,0,0,1,0,1,0,0,0,0,0,0,0,0,0,0,0,55
16551,2014,199988.0,2,1.0,860,5000,1.0,0,0,3,7,860,0,1949,98178,47.5005,-122.267,1130,6000,0,0,0,0,0,0,0,0,0,0,0,0,0,0,0,0,0,65
16892,2014,300000.0,2,1.0,1340,7788,1.0,0,2,3,7,1340,0,1947,98178,47.5094,-122.244,2550,7788,1,0,0,0,2,0,0,0,0,0,0,0,0,0,0,0,0,67
16895,2014,315000.0,4,2.5,2080,5650,1.0,0,0,3,7,1680,400,1950,98178,47.5107,-122.257,1270,5650,3,0,1,0,3,0,0,0,0,0,0,0,0,0,0,0,0,64
17458,2014,463000.0,4,2.75,1900,6000,1.0,0,2,3,7,1300,600,1961,98178,47.495,-122.229,2230,6000,2,1,0,0,0,0,0,1,0,0,0,0,0,0,0,1,0,53
17510,2014,220000.0,3,2.0,1410,7998,1.0,0,0,4,7,1410,0,1940,98178,47.4968,-122.277,1780,8278,0,0,0,0,0,0,0,0,0,0,0,0,0,0,0,0,0,74
17542,2014,285000.0,3,1.75,2380,6000,1.5,0,0,3,7,1320,1060,1935,98178,47.498,-122.222,1290,6000,3,1,0,0,0,0,0,1,0,0,0,0,0,0,0,1,0,79
17562,2015,261590.0,2,1.0,760,6407,1.0,0,0,3,6,760,0,1943,98178,47.4977,-122.259,1050,8580,0,0,0,0,0,0,0,0,0,0,0,0,0,0,0,0,0,72
17580,2014,90000.0,2,1.0,580,7500,1.0,0,0,3,5,580,0,1943,98178,47.4852,-122.251,1700,11250,0,0,0,0,0,0,0,0,0,0,0,0,0,0,0,0,0,71
17581,2015,220000.0,2,1.0,580,7500,1.0,0,0,3,5,580,0,1943,98178,47.4852,-122.251,1700,11250,0,0,0,0,0,0,0,0,0,0,0,0,0,0,0,0,0,72
17841,2015,159100.0,2,1.0,790,7095,1.0,0,0,3,6,790,0,1944,98178,47.4928,-122.239,1150,7200,2,0,0,0,0,1,0,0,0,0,0,0,0,0,0,0,0,71
17859,2014,430000.0,3,3.75,3890,7140,1.0,0,2,3,8,2390,1500,1943,98178,47.5073,-122.239,1820,7320,0,0,0,0,1,0,0,0,0,0,0,0,0,0,0,0,0,7
18045,2015,345000.0,5,1.75,2840,12870,2.0,0,2,4,7,2840,0,1925,98178,47.4961,-122.235,2170,9612,1,0,0,0,0,0,0,0,0,0,0,0,0,0,0,0,0,90
18125,2015,292000.0,3,2.5,1600,3580,2.0,0,0,3,7,1600,0,2000,98178,47.4939,-122.261,2020,4327,0,0,0,0,0,0,0,0,0,0,0,0,0,0,0,0,0,15
18274,2014,380000.0,5,1.75,3000,6000,1.0,0,0,5,7,1500,1500,1958,98178,47.492,-122.225,2230,7125,4,1,0,0,0,0,1,1,0,0,0,0,0,0,0,2,0,56
18403,2014,235000.0,4,1.0,1500,6360,1.5,0,0,3,6,1500,0,1944,98178,47.4979,-122.24,1190,6360,2,0,0,1,0,1,0,0,0,0,0,0,0,0,0,0,0,70
18513,2014,280000.0,3,1.75,1550,7410,1.5,0,0,5,7,1550,0,1944,98178,47.4951,-122.237,1250,7467,1,0,0,0,0,1,0,0,0,0,0,0,0,0,0,0,0,70
18564,2014,165000.0,4,1.0,1220,7980,1.5,0,0,3,6,1220,0,1944,98178,47.4924,-122.237,1210,7920,1,0,0,0,0,1,0,0,0,0,0,0,0,0,0,0,0,70
18565,2015,260000.0,4,1.0,1220,7980,1.5,0,0,3,6,1220,0,1944,98178,47.4924,-122.237,1210,7920,1,0,0,0,0,1,0,0,0,0,0,0,0,0,0,0,0,71
18653,2015,465000.0,5,1.75,2000,10246,1.0,0,2,3,7,1200,800,1953,98178,47.5084,-122.246,2340,9030,2,0,0,0,2,0,0,0,0,0,0,0,0,0,0,0,0,62
18799,2015,361000.0,5,2.75,2380,7500,1.0,0,0,3,7,1300,1080,1984,98178,47.5009,-122.235,2400,6000,0,0,0,0,0,0,0,0,0,0,0,0,0,0,0,0,0,31
18837,2014,202500.0,3,1.0,1120,8576,1.0,0,0,3,6,1120,0,1943,98178,47.4896,-122.248,1050,8812,2,0,0,1,0,1,0,0,0,0,0,0,0,0,0,0,0,71
18902,2014,385000.0,3,1.75,2370,6360,1.0,0,3,3,7,1280,1090,1954,98178,47.5039,-122.24,1990,6360,2,0,0,1,2,1,0,0,0,0,0,0,0,0,0,0,0,60
18937,2014,291000.0,3,1.75,1560,9788,1.0,0,0,3,7,1560,0,1964,98178,47.4876,-122.226,1840,11180,4,0,0,1,0,0,0,1,0,0,0,0,0,0,0,5,0,50
19054,2014,135900.0,2,1.0,760,3800,1.0,0,0,3,6,760,0,1950,98178,47.5019,-122.269,1220,7410,0,0,0,0,0,0,0,0,0,0,0,0,0,0,0,0,0,64
19164,2015,244000.0,3,1.0,2000,15900,1.0,0,0,3,6,1000,1000,1948,98178,47.4816,-122.233,1760,10500,0,0,0,1,0,0,0,0,0,0,0,0,0,0,0,2,0,67
19193,2014,257500.0,3,2.0,1300,9334,1.0,0,0,5,7,1300,0,1981,98178,47.4865,-122.238,2210,9636,1,0,0,0,0,0,0,0,0,0,0,0,0,0,0,0,0,33
19294,2015,190000.0,3,1.0,1280,5100,1.0,0,0,3,7,880,400,1961,98178,47.5035,-122.259,1360,6120,0,0,0,0,0,0,0,0,0,0,0,0,0,0,0,0,0,54
19316,2015,221347.0,3,2.0,1580,6655,1.0,0,0,3,6,790,790,1944,98178,47.4927,-122.248,1090,6655,2,0,0,1,0,1,0,0,0,0,0,0,0,0,0,0,0,71
19371,2015,224000.0,3,1.75,1760,6300,1.0,0,0,3,7,1060,700,1963,98178,47.5003,-122.26,1340,7300,0,0,0,0,0,0,0,0,0,0,0,0,0,0,0,0,0,52
19440,2014,324950.0,3,1.75,2050,6720,1.0,0,2,3,7,1050,1000,1939,98178,47.5058,-122.235,2380,7260,0,0,0,0,0,0,0,0,0,0,0,0,0,0,0,0,0,75
19482,2014,185000.0,3,1.75,1080,9262,1.0,0,0,3,7,1080,0,1968,98178,47.4883,-122.248,1090,9262,2,0,0,0,0,1,0,0,0,0,0,0,0,0,0,0,0,46
19483,2014,440000.0,5,3.0,2730,6000,1.0,0,0,3,8,1470,1260,1979,98178,47.4994,-122.234,2590,6000,1,0,0,0,0,0,0,0,0,0,0,0,0,0,0,0,0,35
19501,2015,229500.0,2,1.75,1870,6625,1.0,0,0,3,7,960,910,1948,98178,47.5071,-122.249,1680,6000,1,0,0,0,2,0,0,0,0,0,0,0,0,0,0,0,0,67
19555,2014,334000.0,4,2.5,2210,6080,1.0,0,2,4,8,1410,800,1965,98178,47.4915,-122.228,2210,6175,2,1,0,0,0,0,0,1,0,0,0,0,0,0,0,1,0,49
19672,2014,460000.0,4,3.5,2870,3225,2.0,0,3,3,9,2070,800,2006,98178,47.5009,-122.225,1770,6450,2,1,0,0,0,0,0,1,0,0,0,0,0,0,0,1,0,8
19799,2014,385000.0,4,2.5,2560,6238,2.0,0,0,3,8,2560,0,2007,98178,47.4899,-122.255,2560,6240,1,0,0,1,0,0,0,0,0,0,0,0,0,0,0,0,0,7
19995,2014,279000.0,5,2.5,2690,5557,2.0,0,0,3,7,2690,0,2012,98178,47.4914,-122.253,2090,10500,1,0,0,1,0,1,0,0,0,0,0,0,0,0,0,0,0,2
20590,2014,445000.0,4,3.25,3450,5000,2.0,0,0,3,8,3450,0,2008,98178,47.4925,-122.273,1420,5000,5,0,0,0,0,0,0,0,0,0,0,0,0,0,0,0,0,6
20903,2014,335000.0,4,2.5,1900,3301,2.0,0,0,3,7,1900,0,2007,98178,47.489,-122.249,1960,3379,1,0,0,1,0,1,0,0,0,0,0,0,0,0,0,0,0,7
21059,2014,664950.0,5,3.0,3190,7081,1.0,0,2,3,9,1890,1300,2013,98178,47.509,-122.24,2270,7623,1,0,0,0,2,0,0,0,0,0,0,0,0,0,0,0,0,1
21198,2014,450000.0,3,2.75,2240,3360,2.0,0,0,3,8,2100,140,2014,98178,47.4999,-122.232,1790,5873,0,0,0,0,0,0,0,0,0,0,0,0,0,0,0,0,0,0
21591,2014,572000.0,4,2.75,2770,3852,2.0,0,0,3,8,2770,0,2014,98178,47.5001,-122.232,1810,5641,0,0,0,0,0,0,0,0,0,0,0,0,0,0,0,0,0,0
